{
    "$schema": "http://schema.management.azure.com/schemas/2015-01-01/deploymentTemplate.json#",
    "contentVersion": "1.0.0.0",
    "parameters": {
        "factoryName": {
            "type": "string",
            "metadata": "Data Factory name",
            "defaultValue": "skanska-dev-adf"
        }
    },
    "variables": {
        "factoryId": "[concat('Microsoft.DataFactory/factories/', parameters('factoryName'))]"
    },
    "resources": [
        {
            "name": "[concat(parameters('factoryName'), '/Every half hour 05 minutes and 35 minutes')]",
            "type": "Microsoft.DataFactory/factories/triggers",
            "apiVersion": "2018-06-01",
            "properties": {
                "annotations": [],
                "runtimeState": "Started",
                "pipelines": [
                    {
                        "pipelineReference": {
                            "referenceName": "ods_WeatherActual",
                            "type": "PipelineReference"
                        },
                        "parameters": {}
                    }
                ],
                "type": "ScheduleTrigger",
                "typeProperties": {
                    "recurrence": {
                        "frequency": "Minute",
                        "interval": 30,
                        "startTime": "2019-09-12T09:05:00.000Z",
                        "timeZone": "UTC"
                    }
                }
            },
            "dependsOn": []
        },
        {
            "name": "[concat(parameters('factoryName'), '/Every hour')]",
            "type": "Microsoft.DataFactory/factories/triggers",
            "apiVersion": "2018-06-01",
            "properties": {
                "annotations": [],
                "runtimeState": "Started",
                "pipelines": [
                    {
                        "pipelineReference": {
                            "referenceName": "ODS_WS_EW_AllDataPresentValue",
                            "type": "PipelineReference"
                        },
                        "parameters": {}
                    }
                ],
                "type": "ScheduleTrigger",
                "typeProperties": {
                    "recurrence": {
                        "frequency": "Hour",
                        "interval": 1,
                        "startTime": "2019-10-14T07:00:00.000Z",
                        "timeZone": "UTC"
                    }
                }
            },
            "dependsOn": []
        },
        {
            "name": "[concat(parameters('factoryName'), '/orchestration_main')]",
            "type": "Microsoft.DataFactory/factories/pipelines",
            "apiVersion": "2018-06-01",
            "properties": {
                "activities": [
                    {
                        "name": "ods_load",
                        "type": "ExecutePipeline",
                        "dependsOn": [],
                        "userProperties": [],
                        "typeProperties": {
                            "pipeline": {
                                "referenceName": "ods_load_data_orch",
                                "type": "PipelineReference"
                            },
                            "waitOnCompletion": true,
                            "parameters": {
                                "MonthDate": {
                                    "value": "@pipeline().parameters.MonthDate",
                                    "type": "Expression"
                                },
                                "DateFrom": {
                                    "value": "@pipeline().parameters.DateFrom",
                                    "type": "Expression"
                                },
                                "DateTo": {
                                    "value": "@pipeline().parameters.DateTo",
                                    "type": "Expression"
                                }
                            }
                        }
                    },
                    {
                        "name": "stg_load",
                        "type": "ExecutePipeline",
                        "dependsOn": [
                            {
                                "activity": "ods_load",
                                "dependencyConditions": [
                                    "Succeeded"
                                ]
                            }
                        ],
                        "userProperties": [],
                        "typeProperties": {
                            "pipeline": {
                                "referenceName": "stg_load_data_orch",
                                "type": "PipelineReference"
                            },
                            "waitOnCompletion": true,
                            "parameters": {
                                "MonthDate": {
                                    "value": "@pipeline().parameters.MonthDate",
                                    "type": "Expression"
                                },
                                "DateFrom": {
                                    "value": "@pipeline().parameters.DateFrom",
                                    "type": "Expression"
                                },
                                "DateTo": {
                                    "value": "@pipeline().parameters.DateTo",
                                    "type": "Expression"
                                }
                            }
                        }
                    }
                ],
                "parameters": {
                    "MonthDate": {
                        "type": "string"
                    },
                    "DateFrom": {
                        "type": "string"
                    },
                    "DateTo": {
                        "type": "string"
                    }
                },
                "folder": {
                    "name": "Orchestration"
                },
                "annotations": []
            },
            "dependsOn": []
        }
    ]
}