{
    "$schema": "http://schema.management.azure.com/schemas/2015-01-01/deploymentTemplate.json#",
    "contentVersion": "1.0.0.0",
    "parameters": {
        "factoryName": {
            "type": "string",
            "metadata": "Data Factory name",
            "defaultValue": "skanska-dev-adf"
        },
        "conn_spark_db_connectionString": {
            "type": "secureString",
            "metadata": "Secure string for 'connectionString' of 'conn_spark_db'"
        }
    },
    "variables": {
        "factoryId": "[concat('Microsoft.DataFactory/factories/', parameters('factoryName'))]"
    },
    "resources": [
        {
            "name": "[concat(parameters('factoryName'), '/ods_ew_ListOfPropertiesOfObjectsDST')]",
            "type": "Microsoft.DataFactory/factories/datasets",
            "apiVersion": "2018-06-01",
            "properties": {
                "linkedServiceName": {
                    "referenceName": "conn_skanska_sa",
                    "type": "LinkedServiceReference"
                },
                "folder": {
                    "name": "BMS_EntelliWeb"
                },
                "annotations": [],
                "type": "DelimitedText",
                "typeProperties": {
                    "location": {
                        "type": "AzureBlobFSLocation",
                        "fileName": "ListOfPropertiesOfObjects.xml",
                        "fileSystem": "bms"
                    },
                    "columnDelimiter": ",",
                    "escapeChar": "\\",
                    "quoteChar": "\""
                },
                "schema": [
                    {
                        "type": "String"
                    }
                ]
            },
            "dependsOn": []
        },
        {
            "name": "[concat(parameters('factoryName'), '/ods_ew_ListoOfObjectsInDevicesDST')]",
            "type": "Microsoft.DataFactory/factories/datasets",
            "apiVersion": "2018-06-01",
            "properties": {
                "linkedServiceName": {
                    "referenceName": "conn_skanska_sa",
                    "type": "LinkedServiceReference"
                },
                "folder": {
                    "name": "BMS_EntelliWeb"
                },
                "annotations": [],
                "type": "DelimitedText",
                "typeProperties": {
                    "location": {
                        "type": "AzureBlobFSLocation",
                        "fileName": "ListoOfObjectsInDevices.xml",
                        "fileSystem": "bms"
                    },
                    "columnDelimiter": ",",
                    "escapeChar": "\\",
                    "quoteChar": "\""
                },
                "schema": [
                    {
                        "type": "String"
                    }
                ]
            },
            "dependsOn": []
        },
        {
            "name": "[concat(parameters('factoryName'), '/ods_ew_ValueOfPropertiesDST')]",
            "type": "Microsoft.DataFactory/factories/datasets",
            "apiVersion": "2018-06-01",
            "properties": {
                "linkedServiceName": {
                    "referenceName": "conn_skanska_sa",
                    "type": "LinkedServiceReference"
                },
                "folder": {
                    "name": "BMS_EntelliWeb"
                },
                "annotations": [],
                "type": "DelimitedText",
                "typeProperties": {
                    "location": {
                        "type": "AzureBlobFSLocation",
                        "fileName": "ValueOfProperties.xml",
                        "fileSystem": "bms"
                    },
                    "columnDelimiter": ",",
                    "escapeChar": "\\",
                    "quoteChar": "\""
                },
                "schema": [
                    {
                        "type": "String"
                    }
                ]
            },
            "dependsOn": []
        },
        {
            "name": "[concat(parameters('factoryName'), '/ods_kantech_ADLS')]",
            "type": "Microsoft.DataFactory/factories/datasets",
            "apiVersion": "2018-06-01",
            "properties": {
                "linkedServiceName": {
                    "referenceName": "conn_skanska_sa",
                    "type": "LinkedServiceReference"
                },
                "parameters": {
                    "FileName": {
                        "type": "string",
                        "defaultValue": "knt_SparkC_events_201906_1.csv"
                    }
                },
                "folder": {
                    "name": "Kantech"
                },
                "annotations": [],
                "type": "DelimitedText",
                "typeProperties": {
                    "location": {
                        "type": "AzureBlobFSLocation",
                        "fileName": {
                            "value": "@dataset().FileName",
                            "type": "Expression"
                        },
                        "fileSystem": "kantech"
                    },
                    "columnDelimiter": ";",
                    "encodingName": "UTF-8",
                    "escapeChar": "\\",
                    "firstRowAsHeader": true,
                    "quoteChar": "\""
                },
                "schema": [
                    {
                        "name": "Kolejność",
                        "type": "String"
                    },
                    {
                        "name": "Data i czas",
                        "type": "String"
                    },
                    {
                        "name": "Opis zdarzenia",
                        "type": "String"
                    },
                    {
                        "name": "Numer zdarzenia",
                        "type": "String"
                    },
                    {
                        "name": "Obiekt #1",
                        "type": "String"
                    },
                    {
                        "name": "Opis #1",
                        "type": "String"
                    },
                    {
                        "name": "Obiekt #2",
                        "type": "String"
                    },
                    {
                        "name": "Opis #2",
                        "type": "String"
                    },
                    {
                        "name": "Obiekt #3",
                        "type": "String"
                    },
                    {
                        "name": "Opis #3",
                        "type": "String"
                    },
                    {
                        "name": "Obiekt #4",
                        "type": "String"
                    },
                    {
                        "name": "Opis #4",
                        "type": "String"
                    },
                    {
                        "name": "Numer karty",
                        "type": "String"
                    }
                ]
            },
            "dependsOn": []
        },
        {
            "name": "[concat(parameters('factoryName'), '/ods_kantech_ADLS_folder')]",
            "type": "Microsoft.DataFactory/factories/datasets",
            "apiVersion": "2018-06-01",
            "properties": {
                "linkedServiceName": {
                    "referenceName": "conn_skanska_sa",
                    "type": "LinkedServiceReference"
                },
                "folder": {
                    "name": "Kantech"
                },
                "annotations": [],
                "type": "DelimitedText",
                "typeProperties": {
                    "location": {
                        "type": "AzureBlobFSLocation",
                        "fileSystem": "kantech"
                    },
                    "columnDelimiter": ",",
                    "escapeChar": "\\",
                    "quoteChar": "\""
                },
                "schema": [
                    {
                        "type": "String"
                    }
                ]
            },
            "dependsOn": []
        },
        {
            "name": "[concat(parameters('factoryName'), '/conn_spark_db')]",
            "type": "Microsoft.DataFactory/factories/linkedServices",
            "apiVersion": "2018-06-01",
            "properties": {
                "annotations": [],
                "type": "AzureSqlDatabase",
                "typeProperties": {
                    "connectionString": "[parameters('conn_spark_db_connectionString')]",
                    "password": {
                        "type": "AzureKeyVaultSecret",
                        "store": {
                            "referenceName": "skanska_kv",
                            "type": "LinkedServiceReference"
                        },
                        "secretName": "SQLLogin-adf-user-password"
                    }
                }
            },
            "dependsOn": []
        },
        {
            "name": "[concat(parameters('factoryName'), '/CalendarEventsLoad')]",
            "type": "Microsoft.DataFactory/factories/pipelines",
            "apiVersion": "2018-06-01",
            "properties": {
                "activities": [
                    {
                        "name": "Copy Data1",
                        "type": "Copy",
                        "dependsOn": [],
                        "policy": {
                            "timeout": "7.00:00:00",
                            "retry": 0,
                            "retryIntervalInSeconds": 30,
                            "secureOutput": false,
                            "secureInput": false
                        },
                        "userProperties": [],
                        "typeProperties": {
                            "source": {
                                "type": "Office365Source",
                                "startTime": "2019-09-01T00:00:00.000Z",
                                "endTime": "2019-09-18T00:00:00.000Z",
                                "userScopeFilterUri": "",
                                "outputColumns": [
                                    {
                                        "name": "id"
                                    },
                                    {
                                        "name": "createdDateTime"
                                    },
                                    {
                                        "name": "lastModifiedDateTime"
                                    },
                                    {
                                        "name": "changeKey"
                                    },
                                    {
                                        "name": "categories"
                                    },
                                    {
                                        "name": "originalStartTimeZone"
                                    },
                                    {
                                        "name": "originalEndTimeZone"
                                    },
                                    {
                                        "name": "responseStatus"
                                    },
                                    {
                                        "name": "iCalUId"
                                    },
                                    {
                                        "name": "reminderMinutesBeforeStart"
                                    },
                                    {
                                        "name": "isReminderOn"
                                    },
                                    {
                                        "name": "hasAttachments"
                                    },
                                    {
                                        "name": "subject"
                                    },
                                    {
                                        "name": "body"
                                    },
                                    {
                                        "name": "importance"
                                    },
                                    {
                                        "name": "sensitivity"
                                    },
                                    {
                                        "name": "start"
                                    },
                                    {
                                        "name": "end"
                                    },
                                    {
                                        "name": "location"
                                    },
                                    {
                                        "name": "isAllDay"
                                    },
                                    {
                                        "name": "isCancelled"
                                    },
                                    {
                                        "name": "isOrganizer"
                                    },
                                    {
                                        "name": "recurrence"
                                    },
                                    {
                                        "name": "responseRequested"
                                    },
                                    {
                                        "name": "showAs"
                                    },
                                    {
                                        "name": "type"
                                    },
                                    {
                                        "name": "attendees"
                                    },
                                    {
                                        "name": "organizer"
                                    },
                                    {
                                        "name": "webLink"
                                    },
                                    {
                                        "name": "attachments"
                                    },
                                    {
                                        "name": "bodyPreview"
                                    },
                                    {
                                        "name": "locations"
                                    },
                                    {
                                        "name": "onlineMeetingUrl"
                                    },
                                    {
                                        "name": "seriesMasterId"
                                    },
                                    {
                                        "name": "originalStart"
                                    }
                                ]
                            },
                            "sink": {
                                "type": "BinarySink",
                                "storeSettings": {
                                    "type": "AzureBlobFSWriteSettings"
                                }
                            },
                            "enableStaging": false
                        },
                        "inputs": [
                            {
                                "referenceName": "CalendarEvents",
                                "type": "DatasetReference",
                                "parameters": {}
                            }
                        ],
                        "outputs": [
                            {
                                "referenceName": "ods_ce_CalendarEventDST",
                                "type": "DatasetReference",
                                "parameters": {}
                            }
                        ]
                    }
                ],
                "annotations": []
            },
            "dependsOn": []
        },
        {
            "name": "[concat(parameters('factoryName'), '/ods_BMSOmega')]",
            "type": "Microsoft.DataFactory/factories/pipelines",
            "apiVersion": "2018-06-01",
            "properties": {
                "activities": [
                    {
                        "name": "ListOfDevices",
                        "type": "Copy",
                        "dependsOn": [],
                        "policy": {
                            "timeout": "7.00:00:00",
                            "retry": 0,
                            "retryIntervalInSeconds": 30,
                            "secureOutput": false,
                            "secureInput": false
                        },
                        "userProperties": [],
                        "typeProperties": {
                            "source": {
                                "type": "HttpSource",
                                "httpRequestTimeout": "00:01:40"
                            },
                            "sink": {
                                "type": "DelimitedTextSink",
                                "storeSettings": {
                                    "type": "AzureBlobFSWriteSettings"
                                },
                                "formatSettings": {
                                    "type": "DelimitedTextWriteSettings",
                                    "quoteAllText": true,
                                    "fileExtension": ".txt"
                                }
                            },
                            "enableStaging": false
                        },
                        "inputs": [
                            {
                                "referenceName": "http_ew_ListOfDevicesSRC",
                                "type": "DatasetReference",
                                "parameters": {}
                            }
                        ],
                        "outputs": [
                            {
                                "referenceName": "ods_ew_ListOfDevicesDST",
                                "type": "DatasetReference",
                                "parameters": {}
                            }
                        ]
                    },
                    {
                        "name": "ListOfObjectsInDevices",
                        "type": "Copy",
                        "dependsOn": [],
                        "policy": {
                            "timeout": "7.00:00:00",
                            "retry": 0,
                            "retryIntervalInSeconds": 30,
                            "secureOutput": false,
                            "secureInput": false
                        },
                        "userProperties": [],
                        "typeProperties": {
                            "source": {
                                "type": "HttpSource",
                                "httpRequestTimeout": "00:01:40"
                            },
                            "sink": {
                                "type": "DelimitedTextSink",
                                "storeSettings": {
                                    "type": "AzureBlobFSWriteSettings"
                                },
                                "formatSettings": {
                                    "type": "DelimitedTextWriteSettings",
                                    "quoteAllText": true,
                                    "fileExtension": ".txt"
                                }
                            },
                            "enableStaging": false
                        },
                        "inputs": [
                            {
                                "referenceName": "http_ew_TrendLog",
                                "type": "DatasetReference",
                                "parameters": {
                                    "WebLink": "api/.bacnet/Spark/400/trend-log,97/log-buffer?published-ge=2019-01-02T00:00:00&published-le=2019-01-05T00:00:00"
                                }
                            }
                        ],
                        "outputs": [
                            {
                                "referenceName": "ods_ew_ListoOfObjectsInDevicesDST",
                                "type": "DatasetReference",
                                "parameters": {}
                            }
                        ]
                    },
                    {
                        "name": "ListOfPropertiesofObject",
                        "type": "Copy",
                        "dependsOn": [],
                        "policy": {
                            "timeout": "7.00:00:00",
                            "retry": 0,
                            "retryIntervalInSeconds": 30,
                            "secureOutput": false,
                            "secureInput": false
                        },
                        "userProperties": [],
                        "typeProperties": {
                            "source": {
                                "type": "HttpSource",
                                "httpRequestTimeout": "00:01:40"
                            },
                            "sink": {
                                "type": "DelimitedTextSink",
                                "storeSettings": {
                                    "type": "AzureBlobFSWriteSettings"
                                },
                                "formatSettings": {
                                    "type": "DelimitedTextWriteSettings",
                                    "quoteAllText": true,
                                    "fileExtension": ".txt"
                                }
                            },
                            "enableStaging": false
                        },
                        "inputs": [
                            {
                                "referenceName": "http_ew_ListOfPropertiesOfObjectsSRC",
                                "type": "DatasetReference",
                                "parameters": {}
                            }
                        ],
                        "outputs": [
                            {
                                "referenceName": "ods_ew_ListOfPropertiesOfObjectsDST",
                                "type": "DatasetReference",
                                "parameters": {}
                            }
                        ]
                    },
                    {
                        "name": "GetValueOfProperties",
                        "type": "Copy",
                        "dependsOn": [],
                        "policy": {
                            "timeout": "7.00:00:00",
                            "retry": 0,
                            "retryIntervalInSeconds": 30,
                            "secureOutput": false,
                            "secureInput": false
                        },
                        "userProperties": [],
                        "typeProperties": {
                            "source": {
                                "type": "HttpSource",
                                "httpRequestTimeout": "00:01:40"
                            },
                            "sink": {
                                "type": "DelimitedTextSink",
                                "storeSettings": {
                                    "type": "AzureBlobFSWriteSettings"
                                },
                                "formatSettings": {
                                    "type": "DelimitedTextWriteSettings",
                                    "quoteAllText": true,
                                    "fileExtension": ".txt"
                                }
                            },
                            "enableStaging": false
                        },
                        "inputs": [
                            {
                                "referenceName": "http_ew_ListOfPropertiesOfObjectsSRC",
                                "type": "DatasetReference",
                                "parameters": {}
                            }
                        ],
                        "outputs": [
                            {
                                "referenceName": "ods_ew_ValueOfPropertiesDST",
                                "type": "DatasetReference",
                                "parameters": {}
                            }
                        ]
                    }
                ],
                "annotations": []
            },
            "dependsOn": [
                "[concat(variables('factoryId'), '/datasets/ods_ew_ListoOfObjectsInDevicesDST')]",
                "[concat(variables('factoryId'), '/datasets/ods_ew_ListOfPropertiesOfObjectsDST')]",
                "[concat(variables('factoryId'), '/datasets/ods_ew_ValueOfPropertiesDST')]"
            ]
        },
        {
            "name": "[concat(parameters('factoryName'), '/ods_estimote_load')]",
            "type": "Microsoft.DataFactory/factories/pipelines",
            "apiVersion": "2018-06-01",
            "properties": {
                "activities": [
                    {
                        "name": "ods_estimote_load",
                        "type": "Copy",
                        "dependsOn": [],
                        "policy": {
                            "timeout": "7.00:00:00",
                            "retry": 0,
                            "retryIntervalInSeconds": 30,
                            "secureOutput": false,
                            "secureInput": false
                        },
                        "userProperties": [],
                        "typeProperties": {
                            "source": {
                                "type": "HttpSource",
                                "httpRequestTimeout": "00:01:40"
                            },
                            "sink": {
                                "type": "AzureBlobFSSink"
                            },
                            "enableStaging": false
                        },
                        "inputs": [
                            {
                                "referenceName": "http_estimote_source",
                                "type": "DatasetReference",
                                "parameters": {
                                    "FloorID": "@pipeline().parameters.FloorID"
                                }
                            }
                        ],
                        "outputs": [
                            {
                                "referenceName": "ods_estimote_ADLS",
                                "type": "DatasetReference",
                                "parameters": {
                                    "FloorName": {
                                        "value": "@pipeline().parameters.FloorName",
                                        "type": "Expression"
                                    }
                                }
                            }
                        ]
                    }
                ],
                "parameters": {
                    "FloorID": {
                        "type": "string"
                    },
                    "FloorName": {
                        "type": "string",
                        "defaultValue": "Test"
                    }
                },
                "folder": {
                    "name": "ODS"
                },
                "annotations": []
            },
            "dependsOn": []
        },
        {
            "name": "[concat(parameters('factoryName'), '/AzureSqlTable1')]",
            "type": "Microsoft.DataFactory/factories/datasets",
            "apiVersion": "2018-06-01",
            "properties": {
                "linkedServiceName": {
                    "referenceName": "conn_spark_db",
                    "type": "LinkedServiceReference"
                },
                "annotations": [],
                "type": "AzureSqlTable",
                "schema": [],
                "typeProperties": {
                    "schema": "signify",
                    "table": "Floor5"
                }
            },
            "dependsOn": [
                "[concat(variables('factoryId'), '/linkedServices/conn_spark_db')]"
            ]
        },
        {
            "name": "[concat(parameters('factoryName'), '/DB_EW_AllValues')]",
            "type": "Microsoft.DataFactory/factories/datasets",
            "apiVersion": "2018-06-01",
            "properties": {
                "linkedServiceName": {
                    "referenceName": "conn_spark_db",
                    "type": "LinkedServiceReference"
                },
                "annotations": [],
                "type": "AzureSqlTable",
                "schema": [
                    {
                        "name": "XmlData",
                        "type": "nvarchar"
                    }
                ],
                "typeProperties": {
                    "schema": "bms",
                    "table": "ODS_CountersRead_RawData"
                }
            },
            "dependsOn": [
                "[concat(variables('factoryId'), '/linkedServices/conn_spark_db')]"
            ]
        },
        {
            "name": "[concat(parameters('factoryName'), '/DB_EW_BMSDataPresentValue')]",
            "type": "Microsoft.DataFactory/factories/datasets",
            "apiVersion": "2018-06-01",
            "properties": {
                "linkedServiceName": {
                    "referenceName": "conn_spark_db",
                    "type": "LinkedServiceReference"
                },
                "annotations": [],
                "type": "AzureSqlTable",
                "schema": [
                    {
                        "name": "ObjectData",
                        "type": "nvarchar"
                    }
                ],
                "typeProperties": {
                    "schema": "bms",
                    "table": "ODS_CountersData_RawData"
                }
            },
            "dependsOn": [
                "[concat(variables('factoryId'), '/linkedServices/conn_spark_db')]"
            ]
        },
        {
            "name": "[concat(parameters('factoryName'), '/DB_EW_TemperaturePresentValues')]",
            "type": "Microsoft.DataFactory/factories/datasets",
            "apiVersion": "2018-06-01",
            "properties": {
                "linkedServiceName": {
                    "referenceName": "conn_spark_db",
                    "type": "LinkedServiceReference"
                },
                "annotations": [],
                "type": "AzureSqlTable",
                "schema": [
                    {
                        "name": "ObjectName",
                        "type": "nvarchar"
                    },
                    {
                        "name": "PresentValue",
                        "type": "nvarchar"
                    }
                ],
                "typeProperties": {}
            },
            "dependsOn": [
                "[concat(variables('factoryId'), '/linkedServices/conn_spark_db')]"
            ]
        },
        {
            "name": "[concat(parameters('factoryName'), '/TrendLogTable')]",
            "type": "Microsoft.DataFactory/factories/datasets",
            "apiVersion": "2018-06-01",
            "properties": {
                "linkedServiceName": {
                    "referenceName": "conn_spark_db",
                    "type": "LinkedServiceReference"
                },
                "annotations": [],
                "type": "AzureSqlTable",
                "schema": [],
                "typeProperties": {
                    "schema": "bms",
                    "table": "TrendLogDesc"
                }
            },
            "dependsOn": [
                "[concat(variables('factoryId'), '/linkedServices/conn_spark_db')]"
            ]
        },
        {
            "name": "[concat(parameters('factoryName'), '/dbWeatherRawData')]",
            "type": "Microsoft.DataFactory/factories/datasets",
            "apiVersion": "2018-06-01",
            "properties": {
                "linkedServiceName": {
                    "referenceName": "conn_spark_db",
                    "type": "LinkedServiceReference"
                },
                "folder": {
                    "name": "Weather"
                },
                "annotations": [],
                "type": "AzureSqlTable",
                "schema": [
                    {
                        "name": "KodStacji",
                        "type": "varchar"
                    },
                    {
                        "name": "NazwaStacji",
                        "type": "varchar"
                    },
                    {
                        "name": "DataPomiaru",
                        "type": "varchar"
                    },
                    {
                        "name": "GodzinaPomiaru",
                        "type": "varchar"
                    },
                    {
                        "name": "Temperatura",
                        "type": "varchar"
                    },
                    {
                        "name": "PredkoscWiatru",
                        "type": "varchar"
                    },
                    {
                        "name": "KierunekWiatru",
                        "type": "varchar"
                    },
                    {
                        "name": "WilgotnoscWzgledna",
                        "type": "varchar"
                    },
                    {
                        "name": "SumaOpadu",
                        "type": "varchar"
                    },
                    {
                        "name": "Cisnienie",
                        "type": "varchar"
                    }
                ],
                "typeProperties": {
                    "tableName": "[[ods].[WeatherRawData]"
                }
            },
            "dependsOn": [
                "[concat(variables('factoryId'), '/linkedServices/conn_spark_db')]"
            ]
        },
        {
            "name": "[concat(parameters('factoryName'), '/db_BMS_Dates')]",
            "type": "Microsoft.DataFactory/factories/datasets",
            "apiVersion": "2018-06-01",
            "properties": {
                "linkedServiceName": {
                    "referenceName": "conn_spark_db",
                    "type": "LinkedServiceReference"
                },
                "folder": {
                    "name": "BMS"
                },
                "annotations": [],
                "type": "AzureSqlTable",
                "schema": [
                    {
                        "name": "DateKey",
                        "type": "int",
                        "precision": 10
                    },
                    {
                        "name": "Date",
                        "type": "date"
                    },
                    {
                        "name": "Day",
                        "type": "tinyint",
                        "precision": 3
                    },
                    {
                        "name": "DaySuffix",
                        "type": "char"
                    },
                    {
                        "name": "Weekday",
                        "type": "tinyint",
                        "precision": 3
                    },
                    {
                        "name": "WeekDayName",
                        "type": "varchar"
                    },
                    {
                        "name": "IsWeekend",
                        "type": "bit"
                    },
                    {
                        "name": "IsHoliday",
                        "type": "bit"
                    },
                    {
                        "name": "HolidayText",
                        "type": "varchar"
                    },
                    {
                        "name": "DOWInMonth",
                        "type": "tinyint",
                        "precision": 3
                    },
                    {
                        "name": "DayOfYear",
                        "type": "smallint",
                        "precision": 5
                    },
                    {
                        "name": "WeekOfMonth",
                        "type": "tinyint",
                        "precision": 3
                    },
                    {
                        "name": "WeekOfYear",
                        "type": "tinyint",
                        "precision": 3
                    },
                    {
                        "name": "ISOWeekOfYear",
                        "type": "tinyint",
                        "precision": 3
                    },
                    {
                        "name": "Month",
                        "type": "tinyint",
                        "precision": 3
                    },
                    {
                        "name": "MonthName",
                        "type": "varchar"
                    },
                    {
                        "name": "Quarter",
                        "type": "tinyint",
                        "precision": 3
                    },
                    {
                        "name": "QuarterName",
                        "type": "varchar"
                    },
                    {
                        "name": "Year",
                        "type": "int",
                        "precision": 10
                    },
                    {
                        "name": "MMYYYY",
                        "type": "char"
                    },
                    {
                        "name": "MonthYear",
                        "type": "char"
                    },
                    {
                        "name": "FirstDayOfMonth",
                        "type": "date"
                    },
                    {
                        "name": "LastDayOfMonth",
                        "type": "date"
                    },
                    {
                        "name": "FirstDayOfQuarter",
                        "type": "date"
                    },
                    {
                        "name": "LastDayOfQuarter",
                        "type": "date"
                    },
                    {
                        "name": "FirstDayOfYear",
                        "type": "date"
                    },
                    {
                        "name": "LastDayOfYear",
                        "type": "date"
                    },
                    {
                        "name": "FirstDayOfNextMonth",
                        "type": "date"
                    },
                    {
                        "name": "FirstDayOfNextYear",
                        "type": "date"
                    },
                    {
                        "name": "SemesterKey",
                        "type": "decimal",
                        "precision": 6,
                        "scale": 0
                    },
                    {
                        "name": "QuarterKey",
                        "type": "decimal",
                        "precision": 6,
                        "scale": 0
                    },
                    {
                        "name": "MonthKey",
                        "type": "decimal",
                        "precision": 6,
                        "scale": 0
                    }
                ],
                "typeProperties": {
                    "tableName": "[[DIM].[Date]"
                }
            },
            "dependsOn": [
                "[concat(variables('factoryId'), '/linkedServices/conn_spark_db')]"
            ]
        },
        {
            "name": "[concat(parameters('factoryName'), '/db_BMS_categories')]",
            "type": "Microsoft.DataFactory/factories/datasets",
            "apiVersion": "2018-06-01",
            "properties": {
                "linkedServiceName": {
                    "referenceName": "conn_spark_db",
                    "type": "LinkedServiceReference"
                },
                "folder": {
                    "name": "BMS"
                },
                "annotations": [],
                "type": "AzureSqlTable",
                "schema": [
                    {
                        "name": "id",
                        "type": "int",
                        "precision": 10
                    },
                    {
                        "name": "CategoryName",
                        "type": "nvarchar"
                    },
                    {
                        "name": "ParentID",
                        "type": "int",
                        "precision": 10
                    }
                ],
                "typeProperties": {
                    "tableName": "[[bms].[Categories]"
                }
            },
            "dependsOn": [
                "[concat(variables('factoryId'), '/linkedServices/conn_spark_db')]"
            ]
        },
        {
            "name": "[concat(parameters('factoryName'), '/db_BMS_usagedetail')]",
            "type": "Microsoft.DataFactory/factories/datasets",
            "apiVersion": "2018-06-01",
            "properties": {
                "linkedServiceName": {
                    "referenceName": "conn_spark_db",
                    "type": "LinkedServiceReference"
                },
                "folder": {
                    "name": "BMS"
                },
                "annotations": [],
                "type": "AzureSqlTable",
                "schema": [
                    {
                        "name": "EventDate",
                        "type": "datetime",
                        "precision": 23,
                        "scale": 3
                    },
                    {
                        "name": "TypeID",
                        "type": "int",
                        "precision": 10
                    },
                    {
                        "name": "Value",
                        "type": "decimal",
                        "precision": 28,
                        "scale": 6
                    },
                    {
                        "name": "Unit",
                        "type": "nvarchar"
                    },
                    {
                        "name": "Tenant",
                        "type": "nvarchar"
                    }
                ],
                "typeProperties": {
                    "tableName": "[[bms].[UsageDetails]"
                }
            },
            "dependsOn": [
                "[concat(variables('factoryId'), '/linkedServices/conn_spark_db')]"
            ]
        },
        {
            "name": "[concat(parameters('factoryName'), '/db_ListOfObjectsInDevices')]",
            "type": "Microsoft.DataFactory/factories/datasets",
            "apiVersion": "2018-06-01",
            "properties": {
                "linkedServiceName": {
                    "referenceName": "conn_spark_db",
                    "type": "LinkedServiceReference"
                },
                "annotations": [],
                "type": "AzureSqlTable",
                "schema": [
                    {
                        "name": "JsonFile",
                        "type": "nvarchar"
                    }
                ],
                "typeProperties": {
                    "schema": "bms",
                    "table": "ListOfObjectsInDevicesJSON"
                }
            },
            "dependsOn": [
                "[concat(variables('factoryId'), '/linkedServices/conn_spark_db')]"
            ]
        },
        {
            "name": "[concat(parameters('factoryName'), '/db_amn_EventsList')]",
            "type": "Microsoft.DataFactory/factories/datasets",
            "apiVersion": "2018-06-01",
            "properties": {
                "linkedServiceName": {
                    "referenceName": "conn_spark_db",
                    "type": "LinkedServiceReference"
                },
                "folder": {
                    "name": "Amano"
                },
                "annotations": [],
                "type": "AzureSqlTable",
                "schema": [
                    {
                        "name": "EventDate",
                        "type": "nvarchar"
                    },
                    {
                        "name": "TicketNo",
                        "type": "int",
                        "precision": 10
                    },
                    {
                        "name": "EventName",
                        "type": "nvarchar"
                    },
                    {
                        "name": "EventDescription",
                        "type": "nvarchar"
                    },
                    {
                        "name": "Reason",
                        "type": "nvarchar"
                    },
                    {
                        "name": "Comment",
                        "type": "nvarchar"
                    },
                    {
                        "name": "UserName",
                        "type": "nvarchar"
                    },
                    {
                        "name": "DriverName",
                        "type": "nvarchar"
                    },
                    {
                        "name": "Plate",
                        "type": "nvarchar"
                    },
                    {
                        "name": "Photo",
                        "type": "nvarchar"
                    }
                ],
                "typeProperties": {
                    "tableName": "[[amn].[EventsList]"
                }
            },
            "dependsOn": [
                "[concat(variables('factoryId'), '/linkedServices/conn_spark_db')]"
            ]
        }
    ]
}