{
    "$schema": "https://schema.management.azure.com/schemas/2015-01-01/deploymentParameters.json#",
    "contentVersion": "1.0.0.0",
    "parameters": {
        "factoryName": {
            "value": "skanska-dev-adf"
        },
        "AzureDataLakeStorageSP_servicePrincipalKey": {
            "value": ""
        },
        "EnteliWebREST_password": {
            "value": ""
        },
        "Skanska_Loredo_connectionString": {
            "value": ""
        },
        "conn_BMS_WS_enteliweb_password": {
            "value": ""
        },
        "conn_Estimote_ws_password": {
            "value": ""
        },
        "conn_SkanskaExchange_servicePrincipalKey": {
            "value": ""
        },
        "conn_skanska_sa_accountKey": {
            "value": ""
        },
        "conn_spark_db_connectionString": {
            "value": ""
        },
        "ods_estimote_ADLS_properties_typeProperties_fileName": {
            "value": "@concat('Spark_',dataset().FloorName,' ',string(formatDateTime(utcnow())),'.json')"
        },
        "ods_estimote_ADLS_properties_typeProperties_folderPath": {
            "value": "estimote"
        },
        "AzureDataLakeStorageSP_properties_typeProperties_url": {
            "value": "https://skanskadevsa.dfs.core.windows.net"
        },
        "AzureDataLakeStorageSP_properties_typeProperties_tenant": {
            "value": "b849b6b4-b043-48d7-96b5-e8d0c024dc3e"
        },
        "AzureDataLakeStorageSP_properties_typeProperties_servicePrincipalId": {
            "value": "b728cc77-36a3-4cfb-a7d4-39b219058503"
        },
        "EnteliWebREST_properties_typeProperties_url": {
            "value": "http://185.53.134.229/enteliweb/"
        },
        "EnteliWebREST_properties_typeProperties_userName": {
            "value": "elitmind"
        },
        "IMGW_properties_typeProperties_url": {
            "value": "https://danepubliczne.imgw.pl/api/data/synop/station/warszawa"
        },
        "conn_BMS_WS_enteliweb_properties_typeProperties_url": {
            "value": "http://185.53.134.229/enteliweb/"
        },
        "conn_BMS_WS_enteliweb_properties_typeProperties_userName": {
            "value": "elitmind"
        },
        "conn_Estimote_ws_properties_typeProperties_url": {
            "value": "http://asset-tracking.estimote.com"
        },
        "conn_Estimote_ws_properties_typeProperties_userName": {
            "value": "skanska-spark-estimote-com-n4z"
        },
        "conn_SkanskaExchange_properties_typeProperties_servicePrincipalId": {
            "value": "PLSYS-Elitmind@skanska.pl"
        },
        "conn_bms_ws_properties_typeProperties_url": {
            "value": "https://greenfm.g4e.pl/api/"
        },
        "conn_skanska_sa_properties_typeProperties_url": {
            "value": "https://skanskadevsa.dfs.core.windows.net"
        },
        "skanska_kv_properties_typeProperties_baseUrl": {
            "value": "https://skanska-dev-kv.vault.azure.net/"
        },
        "test_vipark_properties_typeProperties_url": {
            "value": "https://vipark-681eb.firebaseio.com"
        },
        "containerUri": {
            "value": ""
        },
        "containerSasToken": {
            "value": ""
        }
    }
}