{
    "$schema": "http://schema.management.azure.com/schemas/2015-01-01/deploymentTemplate.json#",
    "contentVersion": "1.0.0.0",
    "parameters": {
        "factoryName": {
            "type": "string",
            "metadata": "Data Factory name",
            "defaultValue": "skanska-dev-adf"
        },
        "AzureDataLakeStorageSP_servicePrincipalKey": {
            "type": "secureString",
            "metadata": "Secure string for 'servicePrincipalKey' of 'AzureDataLakeStorageSP'"
        },
        "EnteliWebREST_password": {
            "type": "secureString",
            "metadata": "Secure string for 'password' of 'EnteliWebREST'"
        },
        "Skanska_Loredo_connectionString": {
            "type": "secureString",
            "metadata": "Secure string for 'connectionString' of 'Skanska_Loredo'"
        },
        "conn_BMS_WS_enteliweb_password": {
            "type": "secureString",
            "metadata": "Secure string for 'password' of 'conn_BMS_WS_enteliweb'"
        },
        "conn_Estimote_ws_password": {
            "type": "secureString",
            "metadata": "Secure string for 'password' of 'conn_Estimote_ws'"
        },
        "conn_SkanskaExchange_servicePrincipalKey": {
            "type": "secureString",
            "metadata": "Secure string for 'servicePrincipalKey' of 'conn_SkanskaExchange'"
        },
        "conn_skanska_sa_accountKey": {
            "type": "secureString",
            "metadata": "Secure string for 'accountKey' of 'conn_skanska_sa'"
        },
        "conn_spark_db_connectionString": {
            "type": "secureString",
            "metadata": "Secure string for 'connectionString' of 'conn_spark_db'"
        },
        "ods_estimote_ADLS_properties_typeProperties_fileName": {
            "type": "string",
            "defaultValue": "@concat('Spark_',dataset().FloorName,' ',string(formatDateTime(utcnow())),'.json')"
        },
        "ods_estimote_ADLS_properties_typeProperties_folderPath": {
            "type": "string",
            "defaultValue": "estimote"
        },
        "AzureDataLakeStorageSP_properties_typeProperties_url": {
            "type": "string",
            "defaultValue": "https://skanskadevsa.dfs.core.windows.net"
        },
        "AzureDataLakeStorageSP_properties_typeProperties_tenant": {
            "type": "string",
            "defaultValue": "b849b6b4-b043-48d7-96b5-e8d0c024dc3e"
        },
        "AzureDataLakeStorageSP_properties_typeProperties_servicePrincipalId": {
            "type": "string",
            "defaultValue": "b728cc77-36a3-4cfb-a7d4-39b219058503"
        },
        "EnteliWebREST_properties_typeProperties_url": {
            "type": "string",
            "defaultValue": "http://185.53.134.229/enteliweb/"
        },
        "EnteliWebREST_properties_typeProperties_userName": {
            "type": "string",
            "defaultValue": "elitmind"
        },
        "IMGW_properties_typeProperties_url": {
            "type": "string",
            "defaultValue": "https://danepubliczne.imgw.pl/api/data/synop/station/warszawa"
        },
        "conn_BMS_WS_enteliweb_properties_typeProperties_url": {
            "type": "string",
            "defaultValue": "http://185.53.134.229/enteliweb/"
        },
        "conn_BMS_WS_enteliweb_properties_typeProperties_userName": {
            "type": "string",
            "defaultValue": "elitmind"
        },
        "conn_Estimote_ws_properties_typeProperties_url": {
            "type": "string",
            "defaultValue": "http://asset-tracking.estimote.com"
        },
        "conn_Estimote_ws_properties_typeProperties_userName": {
            "type": "string",
            "defaultValue": "skanska-spark-estimote-com-n4z"
        },
        "conn_SkanskaExchange_properties_typeProperties_servicePrincipalId": {
            "type": "string",
            "defaultValue": "PLSYS-Elitmind@skanska.pl"
        },
        "conn_bms_ws_properties_typeProperties_url": {
            "type": "string",
            "defaultValue": "https://greenfm.g4e.pl/api/"
        },
        "conn_skanska_sa_properties_typeProperties_url": {
            "type": "string",
            "defaultValue": "https://skanskadevsa.dfs.core.windows.net"
        },
        "skanska_kv_properties_typeProperties_baseUrl": {
            "type": "string",
            "defaultValue": "https://skanska-dev-kv.vault.azure.net/"
        },
        "test_vipark_properties_typeProperties_url": {
            "type": "string",
            "defaultValue": "https://vipark-681eb.firebaseio.com"
        },
        "containerUri": {
            "type": "string",
            "metadata": "URI to storage account containing linked ARM templates"
        },
        "containerSasToken": {
            "type": "string",
            "metadata": "Sas token to storage account containing linked ARM templates"
        }
    },
    "variables": {
        "factoryId": "[concat('Microsoft.DataFactory/factories/', parameters('factoryName'))]"
    },
    "resources": [
        {
            "name": "ArmTemplate_0",
            "type": "Microsoft.Resources/deployments",
            "apiVersion": "2018-02-01",
            "properties": {
                "mode": "incremental",
                "templateLink": {
                    "uri": "[concat(parameters('containerUri'), '/ArmTemplate_0.json', parameters('containerSasToken'))]",
                    "contentVersion": "1.0.0.0"
                },
                "parameters": {
                    "factoryName": {
                        "value": "[parameters('factoryName')]"
                    },
                    "AzureDataLakeStorageSP_servicePrincipalKey": {
                        "value": "[parameters('AzureDataLakeStorageSP_servicePrincipalKey')]"
                    },
                    "EnteliWebREST_password": {
                        "value": "[parameters('EnteliWebREST_password')]"
                    },
                    "Skanska_Loredo_connectionString": {
                        "value": "[parameters('Skanska_Loredo_connectionString')]"
                    },
                    "conn_BMS_WS_enteliweb_password": {
                        "value": "[parameters('conn_BMS_WS_enteliweb_password')]"
                    },
                    "conn_Estimote_ws_password": {
                        "value": "[parameters('conn_Estimote_ws_password')]"
                    },
                    "conn_SkanskaExchange_servicePrincipalKey": {
                        "value": "[parameters('conn_SkanskaExchange_servicePrincipalKey')]"
                    },
                    "conn_skanska_sa_accountKey": {
                        "value": "[parameters('conn_skanska_sa_accountKey')]"
                    },
                    "AzureDataLakeStorageSP_properties_typeProperties_url": {
                        "value": "[parameters('AzureDataLakeStorageSP_properties_typeProperties_url')]"
                    },
                    "AzureDataLakeStorageSP_properties_typeProperties_tenant": {
                        "value": "[parameters('AzureDataLakeStorageSP_properties_typeProperties_tenant')]"
                    },
                    "AzureDataLakeStorageSP_properties_typeProperties_servicePrincipalId": {
                        "value": "[parameters('AzureDataLakeStorageSP_properties_typeProperties_servicePrincipalId')]"
                    },
                    "EnteliWebREST_properties_typeProperties_url": {
                        "value": "[parameters('EnteliWebREST_properties_typeProperties_url')]"
                    },
                    "EnteliWebREST_properties_typeProperties_userName": {
                        "value": "[parameters('EnteliWebREST_properties_typeProperties_userName')]"
                    },
                    "IMGW_properties_typeProperties_url": {
                        "value": "[parameters('IMGW_properties_typeProperties_url')]"
                    },
                    "conn_BMS_WS_enteliweb_properties_typeProperties_url": {
                        "value": "[parameters('conn_BMS_WS_enteliweb_properties_typeProperties_url')]"
                    },
                    "conn_BMS_WS_enteliweb_properties_typeProperties_userName": {
                        "value": "[parameters('conn_BMS_WS_enteliweb_properties_typeProperties_userName')]"
                    },
                    "conn_Estimote_ws_properties_typeProperties_url": {
                        "value": "[parameters('conn_Estimote_ws_properties_typeProperties_url')]"
                    },
                    "conn_Estimote_ws_properties_typeProperties_userName": {
                        "value": "[parameters('conn_Estimote_ws_properties_typeProperties_userName')]"
                    },
                    "conn_SkanskaExchange_properties_typeProperties_servicePrincipalId": {
                        "value": "[parameters('conn_SkanskaExchange_properties_typeProperties_servicePrincipalId')]"
                    },
                    "conn_bms_ws_properties_typeProperties_url": {
                        "value": "[parameters('conn_bms_ws_properties_typeProperties_url')]"
                    },
                    "conn_skanska_sa_properties_typeProperties_url": {
                        "value": "[parameters('conn_skanska_sa_properties_typeProperties_url')]"
                    },
                    "skanska_kv_properties_typeProperties_baseUrl": {
                        "value": "[parameters('skanska_kv_properties_typeProperties_baseUrl')]"
                    },
                    "test_vipark_properties_typeProperties_url": {
                        "value": "[parameters('test_vipark_properties_typeProperties_url')]"
                    }
                }
            },
            "dependsOn": []
        },
        {
            "name": "ArmTemplate_1",
            "type": "Microsoft.Resources/deployments",
            "apiVersion": "2018-02-01",
            "properties": {
                "mode": "incremental",
                "templateLink": {
                    "uri": "[concat(parameters('containerUri'), '/ArmTemplate_1.json', parameters('containerSasToken'))]",
                    "contentVersion": "1.0.0.0"
                },
                "parameters": {
                    "factoryName": {
                        "value": "[parameters('factoryName')]"
                    },
                    "ods_estimote_ADLS_properties_typeProperties_fileName": {
                        "value": "[parameters('ods_estimote_ADLS_properties_typeProperties_fileName')]"
                    },
                    "ods_estimote_ADLS_properties_typeProperties_folderPath": {
                        "value": "[parameters('ods_estimote_ADLS_properties_typeProperties_folderPath')]"
                    }
                }
            },
            "dependsOn": [
                "[resourceId('Microsoft.Resources/deployments', 'ArmTemplate_0')]"
            ]
        },
        {
            "name": "ArmTemplate_2",
            "type": "Microsoft.Resources/deployments",
            "apiVersion": "2018-02-01",
            "properties": {
                "mode": "incremental",
                "templateLink": {
                    "uri": "[concat(parameters('containerUri'), '/ArmTemplate_2.json', parameters('containerSasToken'))]",
                    "contentVersion": "1.0.0.0"
                },
                "parameters": {
                    "factoryName": {
                        "value": "[parameters('factoryName')]"
                    },
                    "conn_spark_db_connectionString": {
                        "value": "[parameters('conn_spark_db_connectionString')]"
                    }
                }
            },
            "dependsOn": [
                "[resourceId('Microsoft.Resources/deployments', 'ArmTemplate_1')]"
            ]
        },
        {
            "name": "ArmTemplate_3",
            "type": "Microsoft.Resources/deployments",
            "apiVersion": "2018-02-01",
            "properties": {
                "mode": "incremental",
                "templateLink": {
                    "uri": "[concat(parameters('containerUri'), '/ArmTemplate_3.json', parameters('containerSasToken'))]",
                    "contentVersion": "1.0.0.0"
                },
                "parameters": {
                    "factoryName": {
                        "value": "[parameters('factoryName')]"
                    }
                }
            },
            "dependsOn": [
                "[resourceId('Microsoft.Resources/deployments', 'ArmTemplate_2')]"
            ]
        },
        {
            "name": "ArmTemplate_4",
            "type": "Microsoft.Resources/deployments",
            "apiVersion": "2018-02-01",
            "properties": {
                "mode": "incremental",
                "templateLink": {
                    "uri": "[concat(parameters('containerUri'), '/ArmTemplate_4.json', parameters('containerSasToken'))]",
                    "contentVersion": "1.0.0.0"
                },
                "parameters": {
                    "factoryName": {
                        "value": "[parameters('factoryName')]"
                    }
                }
            },
            "dependsOn": [
                "[resourceId('Microsoft.Resources/deployments', 'ArmTemplate_3')]"
            ]
        }
    ]
}